{
    "byAlteration\\!AllOfficialCompetitions.json": 1711840495.8428907,
    "byAlteration\\!MapIsNotObtainable.json": 1711840495.8479118,
    "byAlteration\\!OfficialNadeo.json": 1711840495.5722868,
    "byAlteration\\1 Back.json": 1711840495.6945426,
    "byAlteration\\1 Down.json": 1711840495.5237994,
    "byAlteration\\1 Left.json": 1711840495.7246954,
    "byAlteration\\1 Right.json": 1711840495.825685,
    "byAlteration\\1 Up.json": 1711840495.6069903,
    "byAlteration\\2 Up.json": 1711840495.8287141,
    "byAlteration\\A08.json": 1711840495.7780547,
    "byAlteration\\Antibooster.json": 1711840495.756953,
    "byAlteration\\Backwards.json": 1711840495.672433,
    "byAlteration\\Better Mixed.json": 1711840495.8106554,
    "byAlteration\\Better Reverse.json": 1711840495.832714,
    "byAlteration\\Blind.json": 1711840495.8408906,
    "byAlteration\\Bobsleigh.json": 1711840495.7790525,
    "byAlteration\\Boosterless.json": 1711840495.8398893,
    "byAlteration\\BOSS.json": 1711840495.823763,
    "byAlteration\\Broken.json": 1711840495.7906125,
    "byAlteration\\Bumper.json": 1711840495.6344,
    "byAlteration\\Checkpoin't.json": 1711840495.6599233,
    "byAlteration\\Checkpointless Reverse.json": 1711840495.6684318,
    "byAlteration\\Checkpointless.json": 1711840495.5914288,
    "byAlteration\\Cleaned.json": 1711840495.562757,
    "byAlteration\\Colours Combined.json": 1711840495.813681,
    "byAlteration\\CP1 is End.json": 1711840495.552183,
    "byAlteration\\CP1 Kept.json": 1711840495.5106592,
    "byAlteration\\CPfull.json": 1711840495.6313982,
    "byAlteration\\CPLink.json": 1711840495.8096564,
    "byAlteration\\CP_Boost.json": 1711840495.548184,
    "byAlteration\\Cruise.json": 1711840495.8398893,
    "byAlteration\\Dirt.json": 1711840495.7876127,
    "byAlteration\\Earthquake.json": 1711840495.7639577,
    "byAlteration\\Egocentrism.json": 1711840495.77149,
    "byAlteration\\Fast Magnet.json": 1711840495.7579536,
    "byAlteration\\Fast.json": 1711840495.8021255,
    "byAlteration\\Flat_2D.json": 1711840495.7559488,
    "byAlteration\\Flipped.json": 1711840495.8146803,
    "byAlteration\\Flooded.json": 1711840495.7946134,
    "byAlteration\\Floor Fin.json": 1711840495.7277555,
    "byAlteration\\Fragile.json": 1711840495.7619572,
    "byAlteration\\Freewheel.json": 1711840495.6744325,
    "byAlteration\\Glider.json": 1711840495.6409073,
    "byAlteration\\Got Rotated_CPs Rotated 90\u00b0.json": 1711840495.8001277,
    "byAlteration\\Grass.json": 1711840495.6260042,
    "byAlteration\\Hard.json": 1711840495.8357139,
    "byAlteration\\Holes.json": 1711840495.8056512,
    "byAlteration\\Ice Reverse Reactor.json": 1711840495.8177931,
    "byAlteration\\Ice Reverse.json": 1711840495.8156812,
    "byAlteration\\Ice Short.json": 1711840495.7955887,
    "byAlteration\\Ice.json": 1711840495.5360126,
    "byAlteration\\Icy Reactor.json": 1711840495.8156812,
    "byAlteration\\Inclined.json": 1711840495.5136595,
    "byAlteration\\Lunatic.json": 1711840495.8337145,
    "byAlteration\\Magnet Reverse.json": 1711840495.7050507,
    "byAlteration\\Magnet.json": 1711840495.5797987,
    "byAlteration\\Manslaughter.json": 1711840495.5389123,
    "byAlteration\\Mini RPG.json": 1711840495.611989,
    "byAlteration\\Mirrored.json": 1711840495.592388,
    "byAlteration\\Mixed.json": 1711840495.6769412,
    "byAlteration\\Ngolo_Cacti.json": 1711840495.7221625,
    "byAlteration\\No Brakes.json": 1711840495.8126805,
    "byAlteration\\No Cut.json": 1711840495.8167627,
    "byAlteration\\No Effects.json": 1711840495.8187637,
    "byAlteration\\No Gear 5.json": 1711840495.480063,
    "byAlteration\\No Grip.json": 1711840495.7347555,
    "byAlteration\\No Steer.json": 1711840495.7327554,
    "byAlteration\\No-Steer.json": 1711840495.8307145,
    "byAlteration\\Penalty.json": 1711840495.5960636,
    "byAlteration\\Pipe.json": 1711840495.706051,
    "byAlteration\\Plastic Reverse.json": 1711840495.8251815,
    "byAlteration\\Plastic.json": 1711840495.750445,
    "byAlteration\\Platform.json": 1711840495.7724922,
    "byAlteration\\Podium.json": 1711840495.783058,
    "byAlteration\\Pool Hunters.json": 1711840495.6915414,
    "byAlteration\\Puzzle.json": 1711840495.7429376,
    "byAlteration\\Random Dankness.json": 1711840495.7705154,
    "byAlteration\\Random Effects.json": 1711840495.7076266,
    "byAlteration\\Random.json": 1711840495.8458905,
    "byAlteration\\Reactor Down.json": 1711840495.7649572,
    "byAlteration\\Reactor.json": 1711840495.712621,
    "byAlteration\\Reverse.json": 1711840495.4970925,
    "byAlteration\\Ring CP.json": 1711840495.5439367,
    "byAlteration\\Road Dirt.json": 1711840495.8469114,
    "byAlteration\\Road.json": 1711840495.7181866,
    "byAlteration\\Roofing.json": 1711840495.7106261,
    "byAlteration\\Sausage.json": 1711840495.7317553,
    "byAlteration\\Scuba Diving.json": 1711840495.84189,
    "byAlteration\\Sections Joined.json": 1711840495.6534147,
    "byAlteration\\Select DEL.json": 1711840495.843891,
    "byAlteration\\Short.json": 1711840495.7030756,
    "byAlteration\\Sky is the Finish Reverse.json": 1711840495.8041215,
    "byAlteration\\Sky is the Finish.json": 1711840495.5273695,
    "byAlteration\\Slowmo.json": 1711840495.7770295,
    "byAlteration\\Speedlimit.json": 1711840495.7201612,
    "byAlteration\\Staircase.json": 1711840495.8357139,
    "byAlteration\\Start 1-Down.json": 1711840495.843891,
    "byAlteration\\Straight to the Finish.json": 1711840495.4790633,
    "byAlteration\\Supersized.json": 1711840495.8076808,
    "byAlteration\\Surfaceless.json": 1711840495.620497,
    "byAlteration\\sw2u1l-cpu-f2d1r.json": 1711840495.8296902,
    "byAlteration\\Symmetrical.json": 1711840495.7664866,
    "byAlteration\\There and Back_Boomerang.json": 1711840495.6399064,
    "byAlteration\\Tilted.json": 1711840495.8227625,
    "byAlteration\\TMGL Easy.json": 1711840495.837891,
    "byAlteration\\Underwater Reverse.json": 1711840495.6494133,
    "byAlteration\\Underwater.json": 1711840495.6885176,
    "byAlteration\\Walmart Mini.json": 1711840495.4745486,
    "byAlteration\\Wet Icy Wood.json": 1711840495.8197627,
    "byAlteration\\Wet Plastic.json": 1711840495.5577464,
    "byAlteration\\Wet Wheels.json": 1711840495.7981215,
    "byAlteration\\Wet Wood.json": 1711840495.821764,
    "byAlteration\\Wood.json": 1711840495.651415,
    "byAlteration\\Worn Tires.json": 1711840495.7221625,
    "byAlteration\\XX-But.json": 1711840495.6980758,
    "byAlteration\\YEET Down.json": 1711840495.5126593,
    "byAlteration\\YEET Max-Up.json": 1711840495.7297547,
    "byAlteration\\YEET Puzzle.json": 1711840495.7885883,
    "byAlteration\\YEET Random Puzzle.json": 1711840495.8368862,
    "byAlteration\\YEET Reverse.json": 1711840495.6164925,
    "byAlteration\\YEET.json": 1711840495.506689,
    "byAlteration\\YEP Tree Puzzle.json": 1711840495.7514472,
    "byAlteration\\[Snow] Carswitch.json": 1711840495.7971313,
    "byAlteration\\[Snow] Checkpointless.json": 1711840495.8001277,
    "byAlteration\\[Snow] Icy.json": 1711840495.844891,
    "byAlteration\\[Snow] Underwater.json": 1711840495.7685204,
    "byAlteration\\[Snow] Wood.json": 1711840495.8347228,
    "byAlteration\\[Snow].json": 1711840495.4850628,
    "byAlteration\\[Stadium] Wet Wood.json": 1711840495.8086555,
    "byAlteration\\[Stadium].json": 1711840495.8187637,
    "bySeason\\AllOfficialCompetitions.json": 1711231029.981375,
    "bySeason\\AllSnowDiscovery.json": 1711231029.8365428,
    "bySeason\\AllTOTD.json": 1711231029.833567,
    "bySeason\\Fall2020.json": 1711231029.8077748,
    "bySeason\\Fall2021.json": 1711231029.798847,
    "bySeason\\Fall2022.json": 1711231029.928303,
    "bySeason\\Fall2023.json": 1711231029.8737428,
    "bySeason\\Spring2020.json": 1711231029.8871348,
    "bySeason\\Spring2021.json": 1711231029.7814867,
    "bySeason\\Spring2022.json": 1711231029.9044948,
    "bySeason\\Spring2023.json": 1711231029.7705748,