{
    "byAlteration\\!AllOfficialCompetitions.json": 1711840495.8428907,
    "byAlteration\\!MapIsNotInAlterationsDict.json": 1716507875.067461,
    "byAlteration\\!MapIsNotObtainable.json": 1716507080.7753599,
    "byAlteration\\!OfficialNadeo.json": 1716507080.4147768,
    "byAlteration\\1 Back.json": 1716507080.6413603,
    "byAlteration\\1 Down.json": 1716507080.4779103,
    "byAlteration\\1 Left.json": 1716507080.6720638,
    "byAlteration\\1 Right.json": 1716507080.758901,
    "byAlteration\\1 Up.json": 1716507080.5822272,
    "byAlteration\\2 Up.json": 1716507080.739137,
    "byAlteration\\A08.json": 1716507080.755897,
    "byAlteration\\Antibooster.json": 1716507080.7733557,
    "byAlteration\\Backwards.json": 1716507080.598107,
    "byAlteration\\Better Mixed.json": 1716507080.7276316,
    "byAlteration\\Better Reverse.json": 1716507080.7306662,
    "byAlteration\\Blind.json": 1716507080.7517729,
    "byAlteration\\Bobsleigh.json": 1716507080.683589,
    "byAlteration\\Boosterless.json": 1716507080.735185,
    "byAlteration\\BOSS.json": 1716507080.7708516,
    "byAlteration\\Broken.json": 1716507080.7548704,
    "byAlteration\\Bumper.json": 1716507080.6610374,
    "byAlteration\\Checkpoin't.json": 1716507080.5065424,
    "byAlteration\\Checkpointless Reverse.json": 1716507080.6363733,
    "byAlteration\\Checkpointless.json": 1716507080.392011,
    "byAlteration\\Cleaned.json": 1716507080.4191341,
    "byAlteration\\Colours Combined.json": 1716507080.644764,
    "byAlteration\\CP1 is End.json": 1716507080.4236317,
    "byAlteration\\CP1 Kept.json": 1716507080.694581,
    "byAlteration\\CPfull.json": 1716507080.5877771,
    "byAlteration\\CPLink.json": 1716507080.5481696,
    "byAlteration\\CP_Boost.json": 1716507080.698867,
    "byAlteration\\Cruise.json": 1716507080.656043,
    "byAlteration\\Dirt.json": 1716507080.5260363,
    "byAlteration\\Earthquake.json": 1716507080.7256353,
    "byAlteration\\Egocentrism.json": 1716507080.4256363,
    "byAlteration\\Fast Magnet.json": 1716507080.7448332,
    "byAlteration\\Fast.json": 1716507080.7123902,
    "byAlteration\\Flat_2D.json": 1716507080.7054467,
    "byAlteration\\Flipped.json": 1716507080.7568634,
    "byAlteration\\Flooded.json": 1716507080.4052393,
    "byAlteration\\Floor Fin.json": 1716507080.6477556,
    "byAlteration\\Fragile.json": 1716507080.6776469,
    "byAlteration\\Freewheel.json": 1716507080.5461335,
    "byAlteration\\Glider.json": 1716507080.6665483,
    "byAlteration\\Got Rotated_CPs Rotated 90\u00b0.json": 1716507080.644764,
    "byAlteration\\Grass.json": 1716507080.55366,
    "byAlteration\\Ground Clippers.json": 1716507080.7618814,
    "byAlteration\\Hard.json": 1711840495.8357139,
    "byAlteration\\Holes.json": 1716507080.7074027,
    "byAlteration\\Ice Reverse Reactor.json": 1716507080.7718499,
    "byAlteration\\Ice Reverse.json": 1716507080.662035,
    "byAlteration\\Ice Short.json": 1716507080.7618814,
    "byAlteration\\Ice.json": 1716507080.6107104,
    "byAlteration\\Icy Reactor.json": 1716507080.7718499,
    "byAlteration\\Inclined.json": 1716507080.752798,
    "byAlteration\\Lunatic.json": 1716507080.7341483,
    "byAlteration\\Magnet Reverse.json": 1716507080.6423578,
    "byAlteration\\Magnet.json": 1716507080.5214636,
    "byAlteration\\Manslaughter.json": 1716507080.5606995,
    "byAlteration\\Mini RPG.json": 1716507080.5682597,
    "byAlteration\\Mirrored.json": 1716507080.7219708,
    "byAlteration\\Mixed.json": 1716507080.4388647,
    "byAlteration\\Ngolo_Cacti.json": 1716507080.7286468,
    "byAlteration\\No Brakes.json": 1716507080.4455225,
    "byAlteration\\No Cut.json": 1716507080.7698543,
    "byAlteration\\No Effects.json": 1716507080.7698543,
    "byAlteration\\No Gear 5.json": 1716507080.662035,
    "byAlteration\\No Grip.json": 1716507080.7326472,
    "byAlteration\\No Steer.json": 1716507080.7139485,
    "byAlteration\\No-Steer.json": 1716507080.6816213,
    "byAlteration\\Penalty.json": 1716507080.7169697,
    "byAlteration\\Pipe.json": 1716507080.618189,
    "byAlteration\\Plastic Reverse.json": 1716507080.7361443,
    "byAlteration\\Plastic.json": 1716507080.534557,
    "byAlteration\\Platform.json": 1716507080.745788,
    "byAlteration\\Podium.json": 1716507080.4346812,
    "byAlteration\\Pool Hunters.json": 1716507080.6537707,
    "byAlteration\\Puzzle.json": 1716507080.46577,
    "byAlteration\\Random Dankness.json": 1716507080.7508056,
    "byAlteration\\Random Effects.json": 1716507080.7498164,
    "byAlteration\\Random.json": 1716507080.4358726,
    "byAlteration\\Reactor Down.json": 1716507080.4455225,
    "byAlteration\\Reactor.json": 1716507080.7008238,
    "byAlteration\\Reverse.json": 1716507080.4581277,
    "byAlteration\\Ring CP.json": 1716507080.6710434,
    "byAlteration\\RNG Booster.json": 1716507080.7598858,
    "byAlteration\\Road Dirt.json": 1716507080.7608526,
    "byAlteration\\Road.json": 1716507080.5124884,
    "byAlteration\\Roofing.json": 1716507080.6796415,
    "byAlteration\\Sausage.json": 1716507080.7219708,
    "byAlteration\\Scuba Diving.json": 1716507080.7644832,
    "byAlteration\\Sections Joined.json": 1716507080.6151958,
    "byAlteration\\Select DEL.json": 1716507080.7733557,
    "byAlteration\\Short.json": 1716507080.4016874,
    "byAlteration\\Sky is the Finish Reverse.json": 1716507080.701855,
    "byAlteration\\Sky is the Finish.json": 1716507080.710431,
    "byAlteration\\Slowmo.json": 1716507080.4434557,
    "byAlteration\\Speedlimit.json": 1716507080.6171925,
    "byAlteration\\Staircase.json": 1716507080.7644832,
    "byAlteration\\Start 1-Down.json": 1716507080.7687316,
    "byAlteration\\Straight to the Finish.json": 1716507080.5727577,
    "byAlteration\\Stunt.json": 1716507080.766708,
    "byAlteration\\Supersized.json": 1716507080.7437918,
    "byAlteration\\Surfaceless.json": 1716507080.718937,
    "byAlteration\\sw2u1l-cpu-f2d1r.json": 1716507080.5991037,
    "byAlteration\\Symmetrical.json": 1716507080.6497805,
    "byAlteration\\There and Back_Boomerang.json": 1716507080.3957052,
    "byAlteration\\Tilted.json": 1716507080.662035,
    "byAlteration\\TMGL Easy.json": 1716507080.6635404,
    "byAlteration\\Underwater Reverse.json": 1716507080.6919827,
    "byAlteration\\Underwater.json": 1716507080.4884255,
    "byAlteration\\Walmart Mini.json": 1716507080.7448332,
    "byAlteration\\Wet Icy Wood.json": 1716507080.6141956,
    "byAlteration\\Wet Plastic.json": 1716507080.6247506,
    "byAlteration\\Wet Wheels.json": 1716507080.7537951,
    "byAlteration\\Wet Wood.json": 1716507080.6816213,
    "byAlteration\\Wood.json": 1716507080.5642402,
    "byAlteration\\Worn Tires.json": 1716507080.710431,
    "byAlteration\\XX-But.json": 1716507080.7634845,
    "byAlteration\\YEET Down.json": 1716507080.747783,
    "byAlteration\\YEET Max-Up.json": 1716507080.6011348,
    "byAlteration\\YEET Puzzle.json": 1716507080.7199762,
    "byAlteration\\YEET Random Puzzle.json": 1716507080.6247506,
    "byAlteration\\YEET Reverse.json": 1716507080.6297753,
    "byAlteration\\YEET.json": 1716507080.5441306,
    "byAlteration\\YEP Tree Puzzle.json": 1716507080.7608526,
    "byAlteration\\[Rally] Carswitch.json": 1716507080.7753599,
    "byAlteration\\[Rally] CP1 is End.json": 1716507080.7266767,
    "byAlteration\\[Rally] Icy.json": 1716507080.7687316,
    "byAlteration\\[Rally] Underwater.json": 1716507080.5927694,
    "byAlteration\\[Rally].json": 1716507080.5576956,
    "byAlteration\\[Snow] Carswitch.json": 1716507080.589773,
    "byAlteration\\[Snow] Checkpointless.json": 1716507080.5606995,
    "byAlteration\\[Snow] Icy.json": 1716507080.757861,
    "byAlteration\\[Snow] Underwater.json": 1716507080.7401772,
    "byAlteration\\[Snow] Wood.json": 1716507080.7598858,
    "byAlteration\\[Snow].json": 1716507080.4979365,
    "byAlteration\\[Stadium] Wet Wood.json": 1716507080.7743611,
    "byAlteration\\[Stadium].json": 1716507080.766708,
    "bySeason\\AllOfficialCompetitions.json": 1716507089.2067618,