{
    "byAlteration\\!AllOfficialCompetitions.json": 1707724711.9898567,
    "byAlteration\\!MapIsNotInAlterationsDict.json": 1708514510.296657,
    "byAlteration\\!MapIsNotObtainable.json": 1707487542.3467052,
    "byAlteration\\!OfficialNadeo.json": 1707724711.995855,
    "byAlteration\\1 Back.json": 1707487541.9497006,
    "byAlteration\\1 Down.json": 1707487541.6424396,
    "byAlteration\\1 Left.json": 1707487542.0087037,
    "byAlteration\\1 Right.json": 1707487542.2737036,
    "byAlteration\\1 Up.json": 1707487541.7907014,
    "byAlteration\\2 Up.json": 1707487542.279706,
    "byAlteration\\2D.json": 1707487542.0567029,
    "byAlteration\\A08.json": 1707487542.1227036,
    "byAlteration\\Antibooster.json": 1707487542.0597036,
    "byAlteration\\Backwards.json": 1708514510.3006585,
    "byAlteration\\Better Mixed.json": 1707487542.2257047,
    "byAlteration\\Better Reverse.json": 1707487542.290707,
    "byAlteration\\Blind.json": 1707487542.3207066,
    "byAlteration\\Bobsleigh.json": 1707487542.1277053,
    "byAlteration\\Boomerang_There and Back.json": 1707487541.8457026,
    "byAlteration\\Boosterless.json": 1707487542.3157067,
    "byAlteration\\BOSS.json": 1707487542.2647066,
    "byAlteration\\Broken.json": 1707487542.1587055,
    "byAlteration\\Bumper.json": 1707487541.837702,
    "byAlteration\\Checkpoin't.json": 1707487541.886756,
    "byAlteration\\Checkpointless Reverse.json": 1707487541.905701,
    "byAlteration\\Checkpointless.json": 1707487541.7654376,
    "byAlteration\\Cleaned.json": 1707487541.7264545,
    "byAlteration\\Colors Combined.json": 1707487542.2347069,
    "byAlteration\\CP1 is End.json": 1707487541.6914399,
    "byAlteration\\CP1 Kept.json": 1707487541.622437,
    "byAlteration\\CPfull.json": 1707487541.8297033,
    "byAlteration\\CPLink.json": 1707487542.2227051,
    "byAlteration\\CP_Boost.json": 1707487541.6814382,
    "byAlteration\\Cruise.json": 1708955938.3016694,
    "byAlteration\\Dirt.json": 1707487542.151706,
    "byAlteration\\Earthquake.json": 1707487542.081704,
    "byAlteration\\Effectless.json": 1707487542.2527044,
    "byAlteration\\Egocentrism.json": 1707487542.1067052,
    "byAlteration\\Fast Magnet.json": 1707487542.063704,
    "byAlteration\\Fast.json": 1707487542.1957083,
    "byAlteration\\Flipped.json": 1707487542.2377062,
    "byAlteration\\Flooded.json": 1707487542.1697063,
    "byAlteration\\Floor Fin.json": 1707487542.013706,
    "byAlteration\\Fragile.json": 1707487542.075705,
    "byAlteration\\Freewheel.json": 1707724712.004856,
    "byAlteration\\Glider.json": 1707487541.8487356,
    "byAlteration\\Got Rotated_CPs Rotated 90\u00b0.json": 1708955943.23793,
    "byAlteration\\Grass.json": 1707487541.8217037,
    "byAlteration\\Hard.json": 1707487542.3037066,
    "byAlteration\\Holes.json": 1707487542.2057061,
    "byAlteration\\Ice Reverse Reactor.json": 1707487542.249704,
    "byAlteration\\Ice Reverse.json": 1707487542.2407057,
    "byAlteration\\Ice Short.json": 1707487542.1737056,
    "byAlteration\\Ice.json": 1707487541.661439,
    "byAlteration\\Icy Reactor.json": 1707487542.2447052,
    "byAlteration\\Inclined.json": 1707487541.6274366,
    "byAlteration\\Lunatic.json": 1707487542.295705,
    "byAlteration\\Magnet Reverse.json": 1707487541.9677045,
    "byAlteration\\Magnet.json": 1707487541.7484674,
    "byAlteration\\Manslaughter.json": 1707487541.6654418,
    "byAlteration\\Mini RPG.json": 1707487541.7977197,
    "byAlteration\\Mirrored.json": 1707487541.770439,
    "byAlteration\\Mixed.json": 1707487541.9227028,
    "byAlteration\\Ngolo_Cacti.json": 1707487542.0017018,
    "byAlteration\\No gear 5.json": 1707487541.5844386,
    "byAlteration\\No-brakes.json": 1707487542.2317047,
    "byAlteration\\No-cut.json": 1707487542.2467062,
    "byAlteration\\No-grip.json": 1708955948.30509,
    "byAlteration\\No-Steer.json": 1708514510.30366,
    "byAlteration\\Penalty.json": 1707487541.774475,
    "byAlteration\\Pipe.json": 1707487541.970706,
    "byAlteration\\Plastic Reverse.json": 1707487542.2697036,
    "byAlteration\\Plastic.json": 1707487541.7194364,
    "byAlteration\\Platform.json": 1707487542.109707,
    "byAlteration\\Podium.json": 1707487542.139705,
    "byAlteration\\Pool Hunters.json": 1707487541.9437015,
    "byAlteration\\Puzzle.json": 1707487542.045704,
    "byAlteration\\Random Dankness.json": 1707487542.1017056,
    "byAlteration\\Random Effects.json": 1707487541.9737015,
    "byAlteration\\Random.json": 1707487542.335706,
    "byAlteration\\Reactor Down.json": 1707724712.0088556,
    "byAlteration\\Reactor.json": 1708514510.3076613,
    "byAlteration\\Reverse.json": 1708514510.3136618,
    "byAlteration\\Ring CP.json": 1707487541.6744368,
    "byAlteration\\Road Dirt.json": 1707487542.343706,
    "byAlteration\\Road.json": 1707487541.9937024,
    "byAlteration\\Roofing.json": 1707487541.9787037,
    "byAlteration\\Sausage.json": 1707487542.024704,
    "byAlteration\\Scuba Diving.json": 1707487542.322706,
    "byAlteration\\Sections-joined.json": 1707487541.869705,
    "byAlteration\\Select DEL.json": 1708514510.3176594,
    "byAlteration\\Short.json": 1707487541.9637034,
    "byAlteration\\Sky is the Finish Reverse.json": 1707487542.200704,
    "byAlteration\\Sky is the Finish.json": 1707487541.6484375,
    "byAlteration\\Slowmo.json": 1707487542.1187055,
    "byAlteration\\Speedlimit.json": 1707487541.9987054,
    "byAlteration\\Staircase.json": 1707487542.3017085,
    "byAlteration\\Start 1-Down.json": 1707487542.3287063,
    "byAlteration\\Straight to the Finish.json": 1707487541.5814366,
    "byAlteration\\Supersized.json": 1707487542.2127042,
    "byAlteration\\Surfaceless.json": 1707487541.811703,
    "byAlteration\\sw2u1l-cpu-f2d1r.json": 1707487542.2847044,
    "byAlteration\\Symmetrical.json": 1707487542.0907042,
    "byAlteration\\Tilted.json": 1707487542.2627058,
    "byAlteration\\TMGL Easy.json": 1707487542.3097043,
    "byAlteration\\Underwater Reverse.json": 1708514510.3246608,
    "byAlteration\\Underwater.json": 1707487541.938702,
    "byAlteration\\Walmart Mini.json": 1707487541.5774398,
    "byAlteration\\Wet Icy Wood.json": 1707487542.2597032,
    "byAlteration\\Wet Wheels.json": 1707487542.1827047,
    "byAlteration\\Wet Wood.json": 1707487542.2187078,
    "byAlteration\\Wood.json": 1707487541.8667002,
    "byAlteration\\Worn Tires.json": 1707487542.004702,
    "byAlteration\\XX-But.json": 1708514510.3286588,
    "byAlteration\\YEET Down.json": 1708514510.3316634,
    "byAlteration\\Yeet Max-Up.json": 1707487542.0207074,
    "byAlteration\\YEET Puzzle.json": 1707487542.1547058,
    "byAlteration\\YEET Random Puzzle.json": 1707487542.3067043,
    "byAlteration\\YEET Reverse.json": 1707487541.8067017,
    "byAlteration\\YEET.json": 1707487541.6164377,
    "byAlteration\\YEP Tree Puzzle.json": 1707487542.048704,
    "byAlteration\\[Snow] Carswitch.json": 1707487542.1787047,
    "byAlteration\\[Snow] Checkpointless.json": 1707487542.1907046,
    "byAlteration\\[Snow] Icy.json": 1707487542.3317068,
    "byAlteration\\[Snow] Underwater.json": 1707487542.0967076,
    "byAlteration\\[Snow] Wood.json": 1707487542.298709,
    "byAlteration\\[Snow].json": 1707487541.5904357,
    "byAlteration\\[Stadium].json": 1707487542.2557054,
    "bySeason\\AllOfficialCompetitions.json": 1707490695.7596405,
    "bySeason\\AllSnowDiscovery.json": 1707490789.1620302,
    "bySeason\\AllTOTD.json": 1707490789.1568277,
    "bySeason\\Fall2020.json": 1707490789.1285381,
    "bySeason\\Fall2021.json": 1707490789.1175425,
    "bySeason\\Fall2022.json": 1707490789.32676,
    "bySeason\\Fall2023.json": 1707490789.231515,
    "bySeason\\Spring2020.json": 1707490789.2545154,
    "bySeason\\Spring2021.json": 1707490789.0995374,
    "bySeason\\Spring2022.json": 1707490789.2845185,
    "bySeason\\Spring2023.json": 1707490789.087534,
    "bySeason\\Summer2020.json": 1707490789.244515,
    "bySeason\\Summer2021.json": 1707490789.0519776,