{
    "bySeason\\Spring2020.json": 1708956871.629251,
    "data.csv": 1708956926.8015063
}